image,caption
1836335410_de8313a64e.jpg,A man dressed in brown holding a light saber .
1836335410_de8313a64e.jpg,a man wearing a black outfit holding on to a glowing sword .
1836335410_de8313a64e.jpg,Man dressed up in black and brown and holding a white light saber .
1836335410_de8313a64e.jpg,The man holds a light Sabre .
1836335410_de8313a64e.jpg,The man is playing with his Star Wars light sword .
2276314067_7ee246f859.jpg,Two dark colored dogs fighting one another .
2276314067_7ee246f859.jpg,Two dogs are fighting in a field .
2276314067_7ee246f859.jpg,Two gray dogs jump at each other over the tall grass .
2276314067_7ee246f859.jpg,two grey dogs jumping in the air fighting each other
2276314067_7ee246f859.jpg,Two large black dogs are playing in a grassy field .
2417341107_97dbab9c5e.jpg,A boy in black clothes is doing a cartwheel on the beach .
2417341107_97dbab9c5e.jpg,A kid is doing a hand-stand on the beach .
2417341107_97dbab9c5e.jpg,A person with black shorts and shirt does a handstand on the beach .
2417341107_97dbab9c5e.jpg,A young boy doing a handstand on the beach .
2417341107_97dbab9c5e.jpg,The person is doing a handstand on the beach .
2437266971_b91a8f9a00.jpg,A man hands out fliers while wearing a mask .
2437266971_b91a8f9a00.jpg,A man in a blue shirt and tie is wearing a white mask whilst handing out papers .
2437266971_b91a8f9a00.jpg,A man in a button up shirt and tie is wearing a smiling mask .
2437266971_b91a8f9a00.jpg,A masked man in blue shirt and a tie holding papers in front of him .
2437266971_b91a8f9a00.jpg,Man in business attire with Guy Fawkes mask holding paper at protest .
2521878609_146143708e.jpg,A person eats noodles .
2521878609_146143708e.jpg,A young boy eats noodles with large utensils .
2521878609_146143708e.jpg,A young boy wearing a gray shirt eats pasta .
2521878609_146143708e.jpg,Boy sticks huge pile of spaghetti in mouth .
2521878609_146143708e.jpg,kid eating pasta
2579268572_d78f8436cb.jpg,A group of people riding a roller coaster upside down .
2579268572_d78f8436cb.jpg,A group of people riding a yellow roller coaster .
2579268572_d78f8436cb.jpg,Many people on a roller coaster ride are flipped upside down over a white track .
2579268572_d78f8436cb.jpg,People ride upside-down on a roller coaster .
2579268572_d78f8436cb.jpg,There are multiple people going over a loop on an inverted roller coaster .
2611651553_61f859837e.jpg,A naked woman with her body painted .
2611651553_61f859837e.jpg,A nude lady walks in front of a crowd in body paint .
2611651553_61f859837e.jpg,A shirtless woman with paint on her face and mud on her body .
2611651553_61f859837e.jpg,A topless woman with her face painted is covered in mud .
2611651553_61f859837e.jpg,"A young woman , topless except for paint or mud ."
2683985894_167d267dcb.jpg,A clown in an orange shirt entertains a crowd .
2683985894_167d267dcb.jpg,A girl in a orange shirt and a stripe tie
2683985894_167d267dcb.jpg,A girl in orange shirt and clown makeup stands in a park while others look on .
2683985894_167d267dcb.jpg,The woman dressed as a clown is performing outside for others .
2683985894_167d267dcb.jpg,The young lady appears to be a mime among her peers .
2704379125_9c35650d16.jpg,A black dog follows a group of sheep walking in a field of grass .
2704379125_9c35650d16.jpg,a black sheepdog is guiding sheep along a grassy path .
2704379125_9c35650d16.jpg,A dog chasing sheep down a county road
2704379125_9c35650d16.jpg,A sheepdog is herding sheep down a grassy path .
2704379125_9c35650d16.jpg,Black dog following a herd of sheep down a grassy lane .
272546805_536c719648.jpg,A brown dog and a black dog are playing tug of war with a toy .
272546805_536c719648.jpg,A large brown dog is playing tug-of-war with a large black dog .
272546805_536c719648.jpg,The brown dog and the black dog with green harnesses are in the sand .
272546805_536c719648.jpg,Two brown dogs with green harnesses play tug of war .
272546805_536c719648.jpg,Two dogs play with a toy .
2727051596_be65bfb3d3.jpg,The two children are on an amusement park ride .
2727051596_be65bfb3d3.jpg,The young boy in the orange shirt is sticking his tongue out while riding a ride .
2727051596_be65bfb3d3.jpg,Two boys enjoy a ride at an amusement park .
2727051596_be65bfb3d3.jpg,"Two little boys playing a game , one with his mouth wide open ."
2727051596_be65bfb3d3.jpg,Two little boys ride in a fairground ride .
2754898893_95239c1f19.jpg,A woman smiles in front of an ocean view .
2754898893_95239c1f19.jpg,A woman standing in front of a beach scene and smiling .
2754898893_95239c1f19.jpg,a young woman posing in front of a beautiful beach scene .
2754898893_95239c1f19.jpg,The woman in glasses is smiling with the ocean in the background
2754898893_95239c1f19.jpg,Woman standing on a hill in front of the ocean .
2771424045_1fdf9617eb.jpg,A man in blue and red face paint poses for a picture with a woman .
2771424045_1fdf9617eb.jpg,A woman is being held by a man with black and red paint on his face .
2771424045_1fdf9617eb.jpg,A young woman poses with a man in face paint .
2771424045_1fdf9617eb.jpg,two adults hug each other .
2771424045_1fdf9617eb.jpg,"Wearing identical necklaces , a woman and a man with a painted face embrace ."
2836360729_6500249fe6.jpg,A person buried in moss .
2836360729_6500249fe6.jpg,A woman is sitting at the beach covered by a lot of seaweed .
2836360729_6500249fe6.jpg,A woman on the beach is covered in seaweed .
2836360729_6500249fe6.jpg,A young person is buried in a pile of seaweed on a beach .
2836360729_6500249fe6.jpg,The smiling woman at the beach is buried in seaweed .
2876993733_cb26107d18.jpg,"Empty seats at a stadium , except for two people in green rain ponchos ."
2876993733_cb26107d18.jpg,The two people wearing green are sitting down and surrounded by empty seats .
2876993733_cb26107d18.jpg,Two lonely fans in green ponchos sit in a stadium .
2876993733_cb26107d18.jpg,Two people in green sit in an otherwise empty stadium .
2876993733_cb26107d18.jpg,Two people wearing green raincoats sit in blue bleachers that are otherwise empty .
2909609550_070eea49b5.jpg,A dog staring at the end of an ice cream cone .
2909609550_070eea49b5.jpg,A shaggy white dog eyes the remaining part of an ice cream cone .
2909609550_070eea49b5.jpg,A white shaggy dog wants a bite of its owners ice cream cone .
2909609550_070eea49b5.jpg,Dog looking at food being held by person .
2909609550_070eea49b5.jpg,The shaggy dog is looking at the last of an ice cream cone .
2915538325_59e11276dd.jpg,A crowd of people in orange vests looks on as a fireball rises into the sky at an airport .
2915538325_59e11276dd.jpg,A group of people watching a large explosion .
2915538325_59e11276dd.jpg,A group of people wearing orange vests watch a large fire near a helicopter .
2915538325_59e11276dd.jpg,People dressed in hi viz jackets are watching a helicopter fly past an explosion .
2915538325_59e11276dd.jpg,The crowd is watching the fiery explosion .
2925577165_b83d31a7f6.jpg,A minivan drives through a deep puddle of water on the road .
2925577165_b83d31a7f6.jpg,A minivan splashing through a flooded parking lot on a rainy night .
2925577165_b83d31a7f6.jpg,A rainy road at night .
2925577165_b83d31a7f6.jpg,Lights are reflecting off a city street in the evening during a rain storm .
2925577165_b83d31a7f6.jpg,"Minivan drives down wet urban street at night , splashing water ."
2998277360_9b4c0192f1.jpg,"A man in a yellow slicker holds a sign saying "" down and out "" ."
2998277360_9b4c0192f1.jpg,"An elderly lady in a yellow raincoat is sitting by a white building , holding up a cardboard sign to a car driving by ."
2998277360_9b4c0192f1.jpg,Elderly woman in yellow parka pan handling
2998277360_9b4c0192f1.jpg,Man with a yellow coat and a cardboard sign .
2998277360_9b4c0192f1.jpg,"Older woman in yellow jacket , holds sign saying "" DOWN AND OUT "" in urban area ."
3004290523_d1319dfdb4.jpg,A man in a cast uses a camcorder while another man watches him .
3004290523_d1319dfdb4.jpg,A man makes a video while another watches .
3004290523_d1319dfdb4.jpg,A man with a cast films some video while another man smiles .
3004290523_d1319dfdb4.jpg,A man with a cast is using a camcorder to record an enjoyable event .
3004290523_d1319dfdb4.jpg,A man with an arm cast films something on video while another man is looking at the camera .
3004291093_35d6fd8548.jpg,A man has bleached tips in his Afro style hair and is on a cellphone .
3004291093_35d6fd8548.jpg,A man with black hair and blonde tips talks on his cellphone
3004291093_35d6fd8548.jpg,A man with crazy hair is sitting with his fingers in his ears .
3004291093_35d6fd8548.jpg,A man with dreadlocks is plugging his ear to hear a phone call .
3004291093_35d6fd8548.jpg,A person with lots of hair and a Pac-man jacket is making a phone call .
3021318991_fa28e3bca7.jpg,A female lawn hockey player hitting the ball
3021318991_fa28e3bca7.jpg,A girl in an orange uniform hits a ball in field hockey .
3021318991_fa28e3bca7.jpg,A girl in orange is hitting the ball in field hockey .
3021318991_fa28e3bca7.jpg,An athletic girl in an orange uniform is on a playing field of green grass and swinging at a ball .
3021318991_fa28e3bca7.jpg,A woman hockey player in an orange strip is striking the ball with her stick .
3037558954_20115165e3.jpg,A man is wind sailing in the ocean .
3037558954_20115165e3.jpg,A man stands on a sailboat in the water .
3037558954_20115165e3.jpg,A man windsurfs near the beach .
3037558954_20115165e3.jpg,A person is windsurfing in the water .
3037558954_20115165e3.jpg,A wind-surfer in near the beach .
3039214579_43ef79f931.jpg,A man in a yellow helmet is walking with a yellow bicycle near a group a of protesters .
3039214579_43ef79f931.jpg,A man is walking alongside a yellow bike on a sidewalk .
3039214579_43ef79f931.jpg,A man on a street with his yellow bike
3039214579_43ef79f931.jpg,A man wearing a yellow and black helmet walks with his yellow bike .
3039214579_43ef79f931.jpg,a man wearing a yellow bike helmet walking his yellow bike along a sidewalk
307994435_592f933a6d.jpg,A man in a red jacket is holding a piece of paper while posing .
307994435_592f933a6d.jpg,An Asian guy giving thumbs up with his eyes closed and tongue out .
307994435_592f933a6d.jpg,An Asian teenager in a red jacket has his thumb up and his tongue sticking out .
307994435_592f933a6d.jpg,Asian man giving thumbs up on street .
307994435_592f933a6d.jpg,Man in red jacket giving a thumbs-up with one hand a holding ticket in other .
3102204862_f1d220230b.jpg,A man is throwing another around in a wrestling ring .
3102204862_f1d220230b.jpg,A wrestler is being held in the air by another man in the ring .
3102204862_f1d220230b.jpg,A wrestler is being lifted off the ground by another wrestler .
3102204862_f1d220230b.jpg,Professional wrestler getting flipped by another .
3102204862_f1d220230b.jpg,Two people are in a wrestling match .
3102363657_dc95fe6850.jpg,A boy hugging a bumble bee character
3102363657_dc95fe6850.jpg,A child hugging a person in a large bee costume .
3102363657_dc95fe6850.jpg,A giant bee costume hugs a boy .
3102363657_dc95fe6850.jpg,A little boy hugging a giant bee mascot .
3102363657_dc95fe6850.jpg,"Small boy hugged by person in bee costume , blurry urban background ."
3139238055_2817a0c7d8.jpg,Four people make a silly pose at the dinner table .
3139238055_2817a0c7d8.jpg,Four people smile and hold golden plates behind their heads .
3139238055_2817a0c7d8.jpg,friends posing for a picture while holding plates
3139238055_2817a0c7d8.jpg,Two men and two women hold gold plates behind their heads .
3139238055_2817a0c7d8.jpg,Two men and women pose for a camera with large gold plates held behind their heads .
3148193539_de9dd48fc8.jpg,Three boys all wearing green shirts are climbing on a slide .
3148193539_de9dd48fc8.jpg,Three boys climb on a slide
3148193539_de9dd48fc8.jpg,Three boys in green shirts and khaki pants are at the top of a slide .
3148193539_de9dd48fc8.jpg,Three boys wearing green shirts and tan pants pose at the top of a slide .
3148193539_de9dd48fc8.jpg,Three children are posing on a playground slide .
3169777863_d745865784.jpg,A group of dancers wearing black spandex are dancing in a studio .
3169777863_d745865784.jpg,"A group of men and women in a dancing studio , their arms reaching to the sky ."
3169777863_d745865784.jpg,Men and women in a dance class .
3169777863_d745865784.jpg,Men and women in dark shorts and tops are stretching their hands to the ceiling .
3169777863_d745865784.jpg,Several women and men are lifting their arms straight up above their heads .
3173215794_6bdd1f72d4.jpg,A woman concentrates on the device in her hand in the midst of a crowded establishment all lit in purple .
3173215794_6bdd1f72d4.jpg,Inside a bar there are people with red shirts .
3173215794_6bdd1f72d4.jpg,"many people line up , and a woman texts ."
3173215794_6bdd1f72d4.jpg,People are waiting in a line of a dimly lit restaurant with purple light .
3173215794_6bdd1f72d4.jpg,People stand in line at a place with purple lighting .
3174726084_c108de0a64.jpg,A flag is carried .
3174726084_c108de0a64.jpg,"A red , white , black and green flag ."
3174726084_c108de0a64.jpg,The flag of a country is being held in a crowd
3174726084_c108de0a64.jpg,"There is a hand in front of a red , green , white , and black flag ."
3174726084_c108de0a64.jpg,"There is a picture of a green , white , black , and red flag ."
3175712926_5a470d0886.jpg,A bird is flying through the air .
3175712926_5a470d0886.jpg,A blue heron flying .
3175712926_5a470d0886.jpg,A gray egret takes flight .
3175712926_5a470d0886.jpg,A large bird is in mid flight .
3175712926_5a470d0886.jpg,A pelican flies through the air in front of trees .
3197891333_b1b0fd1702.jpg,"A family of nine people , including four children , pose in front of a brick fireplace with a white mantle ."
3197891333_b1b0fd1702.jpg,A family poses in front of the fireplace and Christmas tree .
3197891333_b1b0fd1702.jpg,A family posing by the mantle and christmas tree .
3197891333_b1b0fd1702.jpg,A happy family poses by the fireplace .
3197891333_b1b0fd1702.jpg,Two couples and four kids pose for a family picture .
3527261343_efa07ea596.jpg,A male does an open leg trick while doing a wheelie on his bike .
3527261343_efa07ea596.jpg,A man is doing a wheelie on a motorcycle while stretching his legs outwards .
3527261343_efa07ea596.jpg,"A man with a red , black , and white jacked on is riding on a motorcycle ."
3527261343_efa07ea596.jpg,Man puts legs up in air while riding bike .
3527261343_efa07ea596.jpg,person riding a bike doing a while
3560726559_4c4bed9f2d.jpg,A man and a woman holding hands try to go their opposite ways .
3560726559_4c4bed9f2d.jpg,A well dressed young couple hold hands and pull in different directions in front of trees .
3560726559_4c4bed9f2d.jpg,A young boy wearing a suit and top hat is holding hands with a girl in a green dress .
3560726559_4c4bed9f2d.jpg,The man in the black suit and hat is holding the hand of the girl in the green dress whilst looking away from each other .
3560726559_4c4bed9f2d.jpg,Young couple in formal attire hold hands
3613955682_3860e116cf.jpg,A group of players on a team are posing together .
3613955682_3860e116cf.jpg,a soccer team poses for a picture .
3613955682_3860e116cf.jpg,A soccer team wearing red posing together .
3613955682_3860e116cf.jpg,A sports team poses on the field .
3613955682_3860e116cf.jpg,Sports team poses on field with crowd in the background .
3614595423_f9e0ab4fb0.jpg,A bunch of kids are climbing on a tree and hamming it up .
3614595423_f9e0ab4fb0.jpg,Children climb a tree .
3614595423_f9e0ab4fb0.jpg,Children posing in a tree
3614595423_f9e0ab4fb0.jpg,Eight tan children making faces in a tree
3614595423_f9e0ab4fb0.jpg,"Several children are in a tree , laughing and with their hands on their chins ."
3663951804_868982f3f9.jpg,a child doing a jump on a skateboard
3663951804_868982f3f9.jpg,A closeup of a man skateboarding in a skate park .
3663951804_868982f3f9.jpg,A person skateboarding at a skate park .
3663951804_868982f3f9.jpg,A skateboarder doing a jump .
3663951804_868982f3f9.jpg,A skateboarder executes a jump in a skate park .
3687996279_05b5a2a706.jpg,A man in a uniform smiling and waving at the camera .
3687996279_05b5a2a706.jpg,A man in a uniform waves while holding a banner during an event .
3687996279_05b5a2a706.jpg,A man in uniform waves and smiles at camera
3687996279_05b5a2a706.jpg,A police officer waves at a street fair .
3687996279_05b5a2a706.jpg,"The man in a black uniform and hat , holding part of a banner , is waving ."
391324644_d23fdf06cb.jpg,A guy on inline skates with a white hat is on a yellow rail .
391324644_d23fdf06cb.jpg,a male skater is riding a yellow rail
391324644_d23fdf06cb.jpg,A man Rollerblades across a yellow pole at night .
391324644_d23fdf06cb.jpg,An inline skater boy balances on a yellow rail .
391324644_d23fdf06cb.jpg,A skater does a trick on a yellow handrail .
416650559_cd08d3cd96.jpg,a man dressed in a batman costume .
416650559_cd08d3cd96.jpg,A man dressed like late 80 's movie Batman .
416650559_cd08d3cd96.jpg,A man is posing dressed in a Batman costume .
416650559_cd08d3cd96.jpg,A man is wearing a Batman costume with a cape .
416650559_cd08d3cd96.jpg,A person dressed as Batman poses for a picture .
481827288_a688be7913.jpg,Two brown dog play together in the water .
481827288_a688be7913.jpg,Two brown dogs playing in water
481827288_a688be7913.jpg,Two dogs playing in the ocean .
481827288_a688be7913.jpg,Two dogs play in the water .
481827288_a688be7913.jpg,Two identical brown dogs in the water with their noses in the air .
485738889_c2a00876a6.jpg,"A baby being held by a small girl , swimming underwater in a blue pool ."
485738889_c2a00876a6.jpg,A child supports a toddler underwater in a pool .
485738889_c2a00876a6.jpg,A small girl and a toddler swimming underwater in a pool .
485738889_c2a00876a6.jpg,A young girl and baby boy are swimming underwater in a pool .
485738889_c2a00876a6.jpg,Two children smile underwater
513269597_c38308feaf.jpg,A black dog carries a bucket in its mouth .
513269597_c38308feaf.jpg,A black dog carrying a hanging flower pot .
513269597_c38308feaf.jpg,A dog next to pine tree biting on a bucket
513269597_c38308feaf.jpg,A furry black dog in a backyard carrying a basket in its mouth .
513269597_c38308feaf.jpg,A furry dog is walking by green trees while carrying something in its mouth .
536537638_f5ee42410b.jpg,A group of people wait in similar attire .
536537638_f5ee42410b.jpg,an asian girl wearing a red hat along side several others with red hats as well
536537638_f5ee42410b.jpg,A small group of Asian women wearing red head scarves and black shirts are shopping .
536537638_f5ee42410b.jpg,five Japanese ladies wear red bandanas
536537638_f5ee42410b.jpg,Several asian women wearing red cloths on their heads .
566794036_60f7acdf35.jpg,A man wearing red shorts dribbles a basketball behind him .
566794036_60f7acdf35.jpg,A man with no shirt plays basketball .
566794036_60f7acdf35.jpg,An athlete in red shorts is caught frozen during a basketball move .
566794036_60f7acdf35.jpg,A shirtless man in red shorts bouncing a basketball on a court .
566794036_60f7acdf35.jpg,Man in red shorts bouncing a basketball .
732468337_a37075225e.jpg,A naked baby and toddler are playing with red fingerpaints .
732468337_a37075225e.jpg,"A naked baby and toddler on the floor covered in paint , the toddler putting her hands on the baby 's head ."
732468337_a37075225e.jpg,A naked baby and toddler smear each other in paint .
732468337_a37075225e.jpg,A naked toddler is covering a naked baby with paint .
732468337_a37075225e.jpg,Two naked young children smear each other with red paint .
795081510_53fd17d101.jpg,"A couple hold each other , standing on a ferry , looking out at a ferry ."
795081510_53fd17d101.jpg,A couple standing on the deck of a boat watching the water .
795081510_53fd17d101.jpg,A man embraces a woman as they look over the railing out over the water at a ship .
795081510_53fd17d101.jpg,Couple overlooking a metal rail with water and a boat int he background .
795081510_53fd17d101.jpg,The couple is together looking at the large ship in the ocean .
918886676_3323fb2a01.jpg,A brown dog drinks from a water bottle .
918886676_3323fb2a01.jpg,A tan dog has a drink from water being poured from a spout .
918886676_3323fb2a01.jpg,a yellow lab drinks water .
918886676_3323fb2a01.jpg,The yellow dog is drinking water from a bottle .
918886676_3323fb2a01.jpg,Yellow Labrador drinking water from a faucet .
